-- phpMyAdmin SQL Dump
-- version 4.0.4
-- http://www.phpmyadmin.net
--
-- Host: localhost
-- Generation Time: Oct 05, 2022 at 12:19 PM
-- Server version: 5.6.12-log
-- PHP Version: 5.4.12

SET SQL_MODE = "NO_AUTO_VALUE_ON_ZERO";
SET time_zone = "+00:00";


/*!40101 SET @OLD_CHARACTER_SET_CLIENT=@@CHARACTER_SET_CLIENT */;
/*!40101 SET @OLD_CHARACTER_SET_RESULTS=@@CHARACTER_SET_RESULTS */;
/*!40101 SET @OLD_COLLATION_CONNECTION=@@COLLATION_CONNECTION */;
/*!40101 SET NAMES utf8 */;

--
-- Database: `distributed_ms`
--
CREATE DATABASE IF NOT EXISTS `distributed_ms` DEFAULT CHARACTER SET latin1 COLLATE latin1_swedish_ci;
USE `distributed_ms`;

-- --------------------------------------------------------

--
-- Table structure for table `admission_history`
--

CREATE TABLE IF NOT EXISTS `admission_history` (
  `id` int(30) NOT NULL AUTO_INCREMENT,
  `patient_id` int(30) NOT NULL,
  `room_id` int(30) DEFAULT NULL,
  `date_admitted` datetime NOT NULL,
  `status` int(11) NOT NULL DEFAULT '1',
  `date_discharged` datetime DEFAULT NULL,
  `date_created` datetime NOT NULL DEFAULT CURRENT_TIMESTAMP,
  `date_updated` datetime DEFAULT NULL ON UPDATE CURRENT_TIMESTAMP,
  PRIMARY KEY (`id`),
  KEY `room_id` (`room_id`),
  KEY `patient_id` (`patient_id`)
) ENGINE=InnoDB  DEFAULT CHARSET=utf8mb4 AUTO_INCREMENT=7 ;

--
-- Dumping data for table `admission_history`
--

INSERT INTO `admission_history` (`id`, `patient_id`, `room_id`, `date_admitted`, `status`, `date_discharged`, `date_created`, `date_updated`) VALUES
(4, 1, 1, '2021-12-29 15:00:00', 1, '2021-12-31 15:20:00', '2021-12-30 14:49:29', '2021-12-30 15:20:55'),
(6, 2, 4, '2022-10-05 16:39:00', 1, '2022-10-12 17:40:00', '2022-10-05 14:37:37', NULL);

-- --------------------------------------------------------

--
-- Table structure for table `book`
--

CREATE TABLE IF NOT EXISTS `book` (
  `book_id` int(11) NOT NULL AUTO_INCREMENT,
  `book_title` varchar(100) NOT NULL,
  `category_id` int(50) NOT NULL,
  `author` varchar(50) NOT NULL,
  `book_copies` int(11) NOT NULL,
  `book_pub` varchar(100) NOT NULL,
  `publisher_name` varchar(100) NOT NULL,
  `isbn` varchar(50) NOT NULL,
  `copyright_year` int(11) NOT NULL,
  `date_receive` varchar(20) NOT NULL,
  `date_added` datetime NOT NULL,
  `status` varchar(30) NOT NULL,
  PRIMARY KEY (`book_id`)
) ENGINE=InnoDB  DEFAULT CHARSET=latin1 AUTO_INCREMENT=33 ;

--
-- Dumping data for table `book`
--

INSERT INTO `book` (`book_id`, `book_title`, `category_id`, `author`, `book_copies`, `book_pub`, `publisher_name`, `isbn`, `copyright_year`, `date_receive`, `date_added`, `status`) VALUES
(15, 'Natural Resources', 8, 'Robin Kerrod', 15, 'Marshall Cavendish Corporation', 'Marshall', '1-85435-628-3', 1997, '', '2013-12-11 06:34:27', 'New'),
(16, 'Encyclopedia Americana', 5, 'Grolier', 20, 'Connecticut', 'Grolier Incorporation', '0-7172-0119-8', 1988, '', '2013-12-11 06:36:23', 'Archive'),
(17, 'Algebra 1', 3, 'Carolyn Bradshaw, Michael Seals', 35, 'Pearson Education, Inc', 'Prentice Hall, New Jersey', '0-13-125087-6', 2004, '', '2013-12-11 06:39:17', 'Damage'),
(18, 'The Philippine Daily Inquirer', 7, '..', 3, 'Pasay City', '..', '..', 2013, '', '2013-12-11 06:41:53', 'New'),
(19, 'Science in our World', 4, 'Brian Knapp', 25, 'Regency Publishing Group', 'Prentice Hall, Inc', '0-13-050841-1', 1996, '', '2013-12-11 06:44:44', 'Lost'),
(20, 'Literature', 9, 'Greg Glowka', 20, 'Regency Publishing Group', 'Prentice Hall, Inc', '0-13-050841-1', 2001, '', '2013-12-11 06:47:44', 'Old'),
(21, 'Lexicon Universal Encyclopedia', 5, 'Lexicon', 10, 'Lexicon Publication', 'Pulication Inc., Lexicon', '0-7172-2043-5', 1993, '', '2013-12-11 06:49:53', 'Old'),
(22, 'Science and Invention Encyclopedia', 5, 'Clarke Donald, Dartford Mark', 16, 'H.S. Stuttman inc. Publishing', 'Publisher , Westport Connecticut', '0-87475-450-x', 1992, '', '2013-12-11 06:52:58', 'New'),
(23, 'Integrated Science Textbook ', 4, 'Merde C. Tan', 15, 'Vibal Publishing House Inc.', '12536. Araneta Avenue Corner Ma. Clara St., Quezon City', '971-570-124-8', 2009, '', '2013-12-11 06:55:27', 'New'),
(24, 'Algebra 2', 3, 'Glencoe McGraw Hill', 15, 'The McGrawHill Companies Inc.', 'McGrawhill', '978-0-07-873830-2', 2008, '', '2013-12-11 06:57:35', 'New'),
(25, 'Wiki at Panitikan ', 7, 'Lorenza P. Avera', 28, 'JGM & S Corporation', 'JGM & S Corporation', '971-07-1574-7', 2000, '', '2013-12-11 06:59:24', 'Damage'),
(26, 'English Expressways TextBook for 4th year', 9, 'Virginia Bermudez Ed. O. et al', 23, 'SD Publications, Inc.', 'Gregorio Araneta Avenue, Quezon City', '978-971-0315-33-8', 2007, '', '2013-12-11 07:01:25', 'New'),
(27, 'Asya Pag-usbong Ng Kabihasnan ', 8, 'Ricardo T. Jose, Ph . D.', 21, 'Vibal Publishing House Inc.', 'Araneta Avenue . Cor. Maria Clara St., Quezon City', '971-07-2324-3', 2008, '', '2013-12-11 07:02:56', 'New'),
(28, 'Literature (the readers choice)', 9, 'Glencoe McGraw Hill', 20, '..', 'the McGrawHill Companies Inc', '0-02-817934-x', 2001, '', '2013-12-11 07:05:25', 'Damage'),
(29, 'Beloved a Novel', 9, 'Toni Morrison', 13, '..', 'Alfred A. Knoff, Inc', '0-394-53597-9', 1987, '', '2013-12-11 07:07:02', 'Old'),
(30, 'Silver Burdett Engish', 2, 'Judy Brim', 12, 'Silver Burdett Company', 'Silver', '0-382-03575-5', 1985, '', '2013-12-11 09:22:50', 'Old'),
(31, 'The Corporate Warriors (Six Classic Cases in American Business)', 8, 'Douglas K. Ramsey', 8, 'Houghton Miffin Company', '..', '0-395-35487-0', 1987, '', '2013-12-11 09:25:32', 'Old'),
(32, 'Introduction to Information System', 9, 'Cristine Redoblo', 10, 'CHMSC', 'Brian INC', '123-132', 2013, '', '2014-01-17 19:00:10', 'New');

-- --------------------------------------------------------

--
-- Table structure for table `borrow`
--

CREATE TABLE IF NOT EXISTS `borrow` (
  `borrow_id` int(11) NOT NULL AUTO_INCREMENT,
  `member_id` bigint(50) NOT NULL,
  `date_borrow` varchar(100) NOT NULL,
  `due_date` varchar(100) DEFAULT NULL,
  PRIMARY KEY (`borrow_id`),
  KEY `borrowerid` (`member_id`),
  KEY `borrowid` (`borrow_id`)
) ENGINE=MyISAM  DEFAULT CHARSET=utf8 AUTO_INCREMENT=485 ;

--
-- Dumping data for table `borrow`
--

INSERT INTO `borrow` (`borrow_id`, `member_id`, `date_borrow`, `due_date`) VALUES
(484, 55, '2014-03-20 23:50:27', '21/03/2014'),
(483, 55, '2014-03-20 23:49:34', '21/03/2014'),
(482, 52, '2014-03-20 23:38:22', '03/01/2014');

-- --------------------------------------------------------

--
-- Table structure for table `borrowdetails`
--

CREATE TABLE IF NOT EXISTS `borrowdetails` (
  `borrow_details_id` int(11) NOT NULL AUTO_INCREMENT,
  `book_id` int(11) NOT NULL,
  `borrow_id` int(11) NOT NULL,
  `borrow_status` varchar(50) NOT NULL,
  `date_return` varchar(100) NOT NULL,
  PRIMARY KEY (`borrow_details_id`)
) ENGINE=MyISAM  DEFAULT CHARSET=latin1 AUTO_INCREMENT=165 ;

--
-- Dumping data for table `borrowdetails`
--

INSERT INTO `borrowdetails` (`borrow_details_id`, `book_id`, `borrow_id`, `borrow_status`, `date_return`) VALUES
(164, 16, 484, 'pending', ''),
(162, 15, 482, 'pending', ''),
(163, 15, 483, 'returned', '2014-03-21 00:30:51');

-- --------------------------------------------------------

--
-- Table structure for table `branch`
--

CREATE TABLE IF NOT EXISTS `branch` (
  `id` int(255) NOT NULL AUTO_INCREMENT,
  `branch` varchar(255) NOT NULL,
  `address` text NOT NULL,
  `detail` text NOT NULL,
  `delete_status` enum('0','1') NOT NULL DEFAULT '0',
  PRIMARY KEY (`id`)
) ENGINE=InnoDB DEFAULT CHARSET=latin1 AUTO_INCREMENT=1 ;

-- --------------------------------------------------------

--
-- Table structure for table `category`
--

CREATE TABLE IF NOT EXISTS `category` (
  `category_id` int(11) NOT NULL AUTO_INCREMENT,
  `classname` varchar(50) DEFAULT NULL,
  PRIMARY KEY (`category_id`),
  UNIQUE KEY `category_id` (`category_id`),
  KEY `classid` (`category_id`)
) ENGINE=MyISAM  DEFAULT CHARSET=utf8 AUTO_INCREMENT=801 ;

--
-- Dumping data for table `category`
--

INSERT INTO `category` (`category_id`, `classname`) VALUES
(1, 'Periodical'),
(2, 'English'),
(3, 'Math'),
(4, 'Science'),
(5, 'Encyclopedia'),
(6, 'Filipiniana'),
(7, 'Newspaper'),
(8, 'General'),
(9, 'References');

-- --------------------------------------------------------

--
-- Table structure for table `doctor_list`
--

CREATE TABLE IF NOT EXISTS `doctor_list` (
  `id` int(30) NOT NULL AUTO_INCREMENT,
  `fullname` text NOT NULL,
  `specialization` text NOT NULL,
  `email` text NOT NULL,
  `contact` varchar(100) NOT NULL,
  `delete_flag` tinyint(1) NOT NULL DEFAULT '0',
  `date_created` datetime NOT NULL DEFAULT CURRENT_TIMESTAMP,
  `date_added` datetime DEFAULT NULL ON UPDATE CURRENT_TIMESTAMP,
  PRIMARY KEY (`id`)
) ENGINE=InnoDB  DEFAULT CHARSET=utf8mb4 AUTO_INCREMENT=5 ;

--
-- Dumping data for table `doctor_list`
--

INSERT INTO `doctor_list` (`id`, `fullname`, `specialization`, `email`, `contact`, `delete_flag`, `date_created`, `date_added`) VALUES
(4, 'John Mark', 'Dentist', 'admin@admin.com', '34343232', 0, '2022-10-05 14:32:38', NULL);

-- --------------------------------------------------------

--
-- Table structure for table `fees_transaction`
--

CREATE TABLE IF NOT EXISTS `fees_transaction` (
  `id` int(255) NOT NULL AUTO_INCREMENT,
  `stdid` varchar(255) NOT NULL,
  `paid` int(255) NOT NULL,
  `submitdate` datetime NOT NULL,
  `transcation_remark` text NOT NULL,
  PRIMARY KEY (`id`)
) ENGINE=InnoDB DEFAULT CHARSET=latin1 AUTO_INCREMENT=1 ;

-- --------------------------------------------------------

--
-- Table structure for table `lost_book`
--

CREATE TABLE IF NOT EXISTS `lost_book` (
  `Book_ID` int(11) NOT NULL AUTO_INCREMENT,
  `ISBN` int(11) NOT NULL,
  `Member_No` varchar(50) NOT NULL,
  `Date Lost` date NOT NULL,
  PRIMARY KEY (`Book_ID`)
) ENGINE=InnoDB DEFAULT CHARSET=latin1 AUTO_INCREMENT=1 ;

-- --------------------------------------------------------

--
-- Table structure for table `member`
--

CREATE TABLE IF NOT EXISTS `member` (
  `member_id` int(11) NOT NULL AUTO_INCREMENT,
  `firstname` varchar(100) NOT NULL,
  `lastname` varchar(100) NOT NULL,
  `gender` varchar(10) NOT NULL,
  `address` varchar(100) NOT NULL,
  `contact` varchar(100) NOT NULL,
  `type` varchar(100) NOT NULL,
  `year_level` varchar(100) NOT NULL,
  `status` varchar(100) NOT NULL,
  PRIMARY KEY (`member_id`)
) ENGINE=InnoDB  DEFAULT CHARSET=latin1 AUTO_INCREMENT=66 ;

--
-- Dumping data for table `member`
--

INSERT INTO `member` (`member_id`, `firstname`, `lastname`, `gender`, `address`, `contact`, `type`, `year_level`, `status`) VALUES
(52, 'Mark', 'Sanchez', 'Male', 'Talisay', '212010', 'Teacher', 'Faculty', 'Active'),
(53, 'April Joy', 'Aguilar', 'Female', 'E.B. Magalona', '00', 'Student', 'Second Year', 'Banned'),
(54, 'Alfonso', 'Pancho', 'Male', 'E.B. Magalona', '009', 'Student', 'First Year', 'Active'),
(55, 'Jonathan ', 'Antanilla', 'Male', 'E.B. Magalona', '0032', 'Student', 'Fourth Year', 'Active'),
(56, 'Renzo Bryan', 'Pedroso', 'Male', 'Silay City', '03030', 'Student', 'Third Year', 'Active'),
(57, 'Eleazar', 'Duterte', 'Male', 'E.B. Magalona', '90902', 'Student', 'Second Year', 'Active'),
(58, 'Ellen Mae', 'Espino', 'Female', 'E.B. Magalona', '123', 'Student', 'First Year', 'Active'),
(59, 'Ruth', 'Magbanua', 'Female', 'E.B. Magalona', '9340', 'Student', 'Second Year', 'Active'),
(60, 'Shaina Marie', 'Gabino', 'Female', 'Silay City', '132134', 'Student', 'Second Year', 'Active'),
(62, 'Chairty Joy', 'Punzalan', 'Female', 'E.B. Magalona', '12423', 'Teacher', 'Faculty', 'Active'),
(63, 'Kristine May', 'Dela Rosa', 'Female', 'Silay City', '1321', 'Student', 'Second Year', 'Active'),
(64, 'Chinie marie', 'Laborosa', 'Female', 'E.B. Magalona', '902101', 'Student', 'Second Year', 'Active'),
(65, 'Ruby', 'Morante', 'Female', 'E.B. Magalona', '', 'Teacher', 'Faculty', 'Active');

-- --------------------------------------------------------

--
-- Table structure for table `patient_details`
--

CREATE TABLE IF NOT EXISTS `patient_details` (
  `patient_id` int(30) NOT NULL,
  `meta_field` text NOT NULL,
  `meta_value` text NOT NULL,
  KEY `patient_id` (`patient_id`)
) ENGINE=InnoDB DEFAULT CHARSET=utf8mb4;

--
-- Dumping data for table `patient_details`
--

INSERT INTO `patient_details` (`patient_id`, `meta_field`, `meta_value`) VALUES
(2, 'firstname', 'kerry'),
(2, 'middlename', 'jane'),
(2, 'lastname', 'mark'),
(2, 'suffix', 'jr'),
(2, 'gender', 'Female'),
(2, 'dob', '2022-10-05'),
(2, 'email', 'majankarim@gmail.com'),
(2, 'contact', '34343'),
(2, 'address', 'dfdf'),
(3, 'firstname', 'kerry'),
(3, 'middlename', 'jane'),
(3, 'lastname', 'mark'),
(3, 'suffix', 'jr'),
(3, 'gender', 'Female'),
(3, 'dob', '2022-10-05'),
(3, 'email', 'majankarim@gmail.com'),
(3, 'contact', '34343232'),
(3, 'address', 'bkbjb');

-- --------------------------------------------------------

--
-- Table structure for table `patient_history`
--

CREATE TABLE IF NOT EXISTS `patient_history` (
  `id` int(30) NOT NULL AUTO_INCREMENT,
  `patient_id` int(30) NOT NULL,
  `illness` text,
  `diagnosis` text,
  `treatment` text,
  `remarks` text,
  `doctor_id` int(30) NOT NULL,
  `date_created` datetime NOT NULL DEFAULT CURRENT_TIMESTAMP,
  `date_updated` datetime DEFAULT NULL ON UPDATE CURRENT_TIMESTAMP,
  PRIMARY KEY (`id`),
  KEY `patient_id` (`patient_id`),
  KEY `doctor_id` (`doctor_id`)
) ENGINE=InnoDB  DEFAULT CHARSET=utf8mb4 AUTO_INCREMENT=8 ;

--
-- Dumping data for table `patient_history`
--

INSERT INTO `patient_history` (`id`, `patient_id`, `illness`, `diagnosis`, `treatment`, `remarks`, `doctor_id`, `date_created`, `date_updated`) VALUES
(5, 2, '', '', '', '', 0, '2022-10-05 14:32:09', NULL),
(6, 0, 'Dental Problem', 'Cavities', 'Harbal', 'Best', 4, '2022-10-05 14:33:54', NULL),
(7, 3, 'Dental', 'Cavities', 'Herbal', 'Best', 4, '2022-10-05 14:44:01', NULL);

-- --------------------------------------------------------

--
-- Table structure for table `patient_list`
--

CREATE TABLE IF NOT EXISTS `patient_list` (
  `id` int(30) NOT NULL AUTO_INCREMENT,
  `code` varchar(100) NOT NULL,
  `fullname` text NOT NULL,
  `status` tinyint(1) NOT NULL DEFAULT '0',
  `delete_flag` tinyint(1) NOT NULL DEFAULT '0',
  `date_created` datetime NOT NULL DEFAULT CURRENT_TIMESTAMP,
  `date_updated` datetime DEFAULT NULL ON UPDATE CURRENT_TIMESTAMP,
  PRIMARY KEY (`id`)
) ENGINE=InnoDB  DEFAULT CHARSET=utf8mb4 AUTO_INCREMENT=4 ;

--
-- Dumping data for table `patient_list`
--

INSERT INTO `patient_list` (`id`, `code`, `fullname`, `status`, `delete_flag`, `date_created`, `date_updated`) VALUES
(2, 'PA-2022100001', 'MARK JR KERRY JANE', 0, 1, '2022-10-05 14:31:20', '2022-10-05 14:39:58'),
(3, 'PA-2022100002', 'MARK JR KERRY JANE', 0, 0, '2022-10-05 14:40:22', NULL);

-- --------------------------------------------------------

--
-- Table structure for table `student`
--

CREATE TABLE IF NOT EXISTS `student` (
  `id` int(255) NOT NULL AUTO_INCREMENT,
  `emailid` varchar(255) NOT NULL,
  `sname` varchar(255) NOT NULL,
  `joindate` datetime NOT NULL,
  `about` text NOT NULL,
  `contact` varchar(255) NOT NULL,
  `fees` int(255) NOT NULL,
  `branch` varchar(255) NOT NULL,
  `balance` int(255) NOT NULL,
  `delete_status` enum('0','1') NOT NULL DEFAULT '0',
  PRIMARY KEY (`id`)
) ENGINE=InnoDB DEFAULT CHARSET=latin1 AUTO_INCREMENT=1 ;

-- --------------------------------------------------------

--
-- Table structure for table `system_info`
--

CREATE TABLE IF NOT EXISTS `system_info` (
  `id` int(30) NOT NULL AUTO_INCREMENT,
  `meta_field` text NOT NULL,
  `meta_value` text NOT NULL,
  PRIMARY KEY (`id`)
) ENGINE=InnoDB  DEFAULT CHARSET=utf8mb4 AUTO_INCREMENT=23 ;

-- --------------------------------------------------------

--
-- Table structure for table `type`
--

CREATE TABLE IF NOT EXISTS `type` (
  `id` int(11) NOT NULL AUTO_INCREMENT,
  `borrowertype` varchar(50) DEFAULT NULL,
  PRIMARY KEY (`id`),
  KEY `borrowertype` (`borrowertype`),
  KEY `id` (`id`)
) ENGINE=MyISAM  DEFAULT CHARSET=utf8 AUTO_INCREMENT=42 ;

--
-- Dumping data for table `type`
--

INSERT INTO `type` (`id`, `borrowertype`) VALUES
(2, 'Teacher'),
(20, 'Employee'),
(21, 'Non-Teaching'),
(22, 'Student'),
(32, 'Contruction');

-- --------------------------------------------------------

--
-- Table structure for table `users`
--

CREATE TABLE IF NOT EXISTS `users` (
  `user_id` int(11) NOT NULL AUTO_INCREMENT,
  `username` varchar(100) NOT NULL,
  `password` varchar(100) NOT NULL,
  `firstname` varchar(100) NOT NULL,
  `lastname` varchar(100) NOT NULL,
  `position` varchar(200) NOT NULL,
  `power` int(11) NOT NULL,
  `status` int(11) NOT NULL DEFAULT '1',
  PRIMARY KEY (`user_id`)
) ENGINE=InnoDB  DEFAULT CHARSET=latin1 AUTO_INCREMENT=6 ;

--
-- Dumping data for table `users`
--

INSERT INTO `users` (`user_id`, `username`, `password`, `firstname`, `lastname`, `position`, `power`, `status`) VALUES
(2, 'admin', 'admin', 'john', 'smith', 'Admin', 1, 1),
(3, 'rogy', '1212', 'rd', 'rd', 'Librarian', 2, 1),
(4, 'Brian', '1212', 'Mwangi', 'David', 'Finance', 3, 1),
(5, 'kerry', '1212', 'Kerry', 'Mercy', 'Doctor', 4, 1);

/*!40101 SET CHARACTER_SET_CLIENT=@OLD_CHARACTER_SET_CLIENT */;
/*!40101 SET CHARACTER_SET_RESULTS=@OLD_CHARACTER_SET_RESULTS */;
/*!40101 SET COLLATION_CONNECTION=@OLD_COLLATION_CONNECTION */;
